location,crop,plot,block,number,bag_no,series_no,tea_id,tea_initial_drywt_g,tea_final_drywt_g,notes
wiu,pcro,2,1,1,1,1,1,2,1.365,NA
wiu,pcro,2,1,2,5,5,2,2.1,1.278,NA
wiu,pcro,2,1,3,3,3,3,2.1,1.928,NA
NA,pcro,NA,1,4,NA,NA,4,2,NA,NA
wiu,pcro,2,1,5,2,2,5,2.1,2.033,NA
wiu,pcro,2,1,6,6,6,6,2.1,1.514,NA
wiu,pcro,2,1,7,4,4,7,2.1,1.082,NA
wiu,pcro,2,1,7,7,7,7,2.1,1.449,NA
wiu,pcro,2,1,8,8,8,8,2.1,1.963,NA
wiu,pcro,2,1,9,9,9,9,2.1,1.685,NA
wiu,pcro,2,1,10,10,10,10,2.1,1.287,NA
wiu,ar,6,1,1,43,3,11,2.1,1.894,NA
wiu,ar,6,1,2,44,4,12,2,1.981,NA
wiu,ar,6,1,3,48,8,13,2,1.355,NA
NA,ar,NA,1,4,NA,NA,14,2.1,NA,NA
NA,ar,NA,1,5,NA,NA,15,2.2000000000000002,NA,NA
wiu,ar,6,1,6,49,9,16,2.2000000000000002,1.56,NA
wiu,ar,6,1,7,47,7,17,2.4,2.032,NA
NA,ar,NA,1,8,NA,NA,18,2.1,NA,NA
wiu,ar,6,1,9,41,1,19,2.2999999999999998,1.653,NA
NA,ar,NA,1,10,NA,NA,20,2.1,NA,NA
wiu,wpc,3,1,1,14,4,21,2.2999999999999998,1.495,NA
wiu,wpc,3,1,1,19,9,21,2.2999999999999998,1.864,NA
wiu,wpc,3,1,2,16,6,22,2.1,1.863,NA
wiu,wpc,3,1,3,20,10,23,2.1,2.008,NA
NA,wpc,NA,1,4,NA,NA,24,2.2000000000000002,NA,NA
wiu,wpc,3,1,5,17,7,25,2.1,1.995,NA
wiu,wpc,3,1,6,15,5,26,2.2999999999999998,1.552,NA
NA,wpc,NA,1,7,NA,NA,27,2.2000000000000002,NA,NA
NA,wpc,NA,1,8,NA,NA,28,2.2000000000000002,NA,NA
wiu,wpc,3,1,9,18,8,29,2.2000000000000002,1.701,NA
wiu,wpc,3,1,10,12,2,30,2.1,1.987,NA
wiu,cr,5,1,1,32,2,31,2.2999999999999998,1.293,NA
wiu,cr,5,1,2,35,5,32,2.2000000000000002,1.598,NA
wiu,cr,5,1,3,36,6,33,2.2999999999999998,1.208,NA
wiu,cr,5,1,4,39,9,34,2.2000000000000002,1.171,NA
wiu,cr,5,1,5,40,10,35,2.1,NA,NA
wiu,cr,5,1,6,34,4,36,2.2000000000000002,1.462,NA
wiu,cr,5,1,7,37,7,37,2,1.993,NA
NA,cr,NA,1,8,NA,NA,38,2.1,NA,NA
wiu,cr,5,1,9,31,1,39,2.2999999999999998,1.971,NA
wiu,cr,5,1,10,33,3,40,2,1.972,NA
wiu,gpc,4,1,1,28,8,41,2.2000000000000002,1.579,NA
wiu,gpc,4,1,2,24,4,42,2.1,1.503,NA
wiu,gpc,4,1,3,23,3,43,2.2999999999999998,1.837,NA
wiu,gpc,4,1,4,29,9,44,2,2.216,NA
wiu,gpc,4,1,5,25,5,45,2.4,1.723,NA
wiu,gpc,4,1,6,27,7,46,2.2000000000000002,2.142,NA
wiu,gpc,4,1,7,30,10,47,2.1,1.486,NA
wiu,gpc,4,1,8,26,6,48,2.2999999999999998,1.978,NA
wiu,gpc,4,1,9,22,2,49,2.1,1.389,NA
wiu,gpc,4,1,10,21,1,50,1.9,1.874,NA
wiu,gpc,10,2,1,88,8,51,2.1,1.641,NA
NA,gpc,NA,2,2,NA,NA,52,2.1,NA,NA
wiu,gpc,10,2,3,90,10,53,2.2000000000000002,1.766,NA
wiu,gpc,10,2,4,89,9,54,2.1,1.976,NA
wiu,gpc,10,2,5,82,2,55,2.2000000000000002,1.63,NA
wiu,gpc,10,2,5,86,6,55,2.2000000000000002,2.141,NA
NA,gpc,NA,2,6,NA,NA,56,2.1,NA,NA
wiu,gpc,10,2,7,83,3,57,2.2000000000000002,1.572,NA
NA,gpc,NA,2,8,NA,NA,58,2.1,NA,NA
wiu,gpc,10,2,9,87,7,59,2.1,2.046,NA
wiu,gpc,10,2,10,84,4,60,2.1,1.765,NA
wiu,cr,8,2,1,67,7,61,2.2000000000000002,1.218,NA
NA,cr,NA,2,2,NA,NA,62,2.1,NA,NA
wiu,cr,8,2,3,65,5,63,2.4,2.095,NA
wiu,cr,8,2,4,66,6,64,2.4,1.298,NA
NA,cr,NA,2,5,NA,NA,65,2,NA,NA
NA,cr,NA,2,6,NA,NA,66,2.1,NA,NA
wiu,cr,8,2,7,69,9,67,2.2000000000000002,1.205,NA
NA,cr,NA,2,8,NA,NA,68,2.1,NA,NA
wiu,cr,8,2,9,61,1,69,2.1,1.388,NA
wiu,cr,8,2,10,63,3,70,2.1,2.117,NA
wiu,pcro,9,2,1,76,6,71,2.1,1.681,NA
wiu,pcro,9,2,2,71,1,72,2.2000000000000002,1.572,NA
NA,pcro,NA,2,3,NA,NA,73,2.1,NA,NA
wiu,pcro,9,2,4,74,4,74,2.2000000000000002,1.971,NA
wiu,pcro,9,2,5,79,9,75,2.1,1.993,NA
wiu,pcro,9,2,6,72,2,76,2.2999999999999998,1.879,NA
wiu,pcro,9,2,7,77,7,77,2.1,2.067,NA
wiu,pcro,9,2,8,80,10,78,2.1,2.155,NA
NA,pcro,NA,2,9,NA,NA,79,2.1,NA,NA
wiu,pcro,9,2,10,78,8,80,2.2000000000000002,1.474,NA
NA,wpc,NA,2,1,NA,NA,81,2.2999999999999998,NA,NA
NA,wpc,NA,2,2,NA,NA,82,2.2999999999999998,NA,NA
wiu,wpc,7,2,3,51,1,83,2.2999999999999998,1.875,NA
wiu,wpc,7,2,4,58,8,84,2,1.544,NA
wiu,wpc,7,2,5,53,3,85,2.2000000000000002,2.02,NA
wiu,wpc,7,2,6,55,5,86,2.1,2.031,NA
wiu,wpc,7,2,7,57,7,87,2.2000000000000002,2.241,NA
wiu,wpc,7,2,8,56,6,88,2.2999999999999998,2.188,NA
NA,wpc,NA,2,9,NA,NA,89,2.1,NA,NA
NA,wpc,NA,2,10,NA,NA,90,2,NA,NA
wiu,ar,12,2,1,98,8,91,2.2000000000000002,2.11,NA
wiu,ar,12,2,2,96,6,92,2.2000000000000002,1.959,NA
wiu,ar,12,2,3,93,3,93,2.2000000000000002,1.534,NA
NA,ar,NA,2,4,NA,NA,94,2.5,NA,NA
NA,ar,NA,2,5,NA,NA,95,2.1,NA,NA
wiu,ar,12,2,6,91,1,96,2.1,1.554,NA
NA,ar,NA,2,7,NA,NA,97,2.1,NA,NA
wiu,ar,12,2,8,92,2,98,2.2000000000000002,1.455,NA
wiu,ar,12,2,9,95,5,99,2.2000000000000002,2.109,NA
wiu,ar,12,2,10,99,9,100,2.2999999999999998,1.703,NA
wiu,gpc,13,3,1,107,7,101,2.1,1.984,NA
wiu,gpc,13,3,2,104,4,102,2.2000000000000002,1.947,NA
wiu,gpc,13,3,3,101,1,103,2.2000000000000002,2.01,NA
wiu,gpc,13,3,3,108,8,103,2.2000000000000002,1.652,NA
wiu,gpc,13,3,4,109,9,104,2.2000000000000002,1.45,NA
NA,gpc,NA,3,5,NA,NA,105,2.2999999999999998,NA,NA
wiu,gpc,13,3,6,110,10,106,2.2999999999999998,2.052,NA
wiu,gpc,13,3,7,105,5,107,2.4,2.292,NA
isu,gpc,306,3,7,305,5,107,2.4,2.136,NA
wiu,gpc,13,3,8,102,2,108,2.1,NA,NA
wiu,gpc,13,3,9,103,3,109,2.2999999999999998,1.826,NA
NA,gpc,NA,3,10,NA,NA,110,2.1,NA,NA
wiu,wpc,14,3,1,115,5,111,2.2000000000000002,1.404,NA
wiu,wpc,14,3,2,112,2,112,2.1,2.089,NA
wiu,wpc,14,3,3,116,6,113,2.1,1.462,NA
wiu,wpc,14,3,4,117,7,114,2.1,2.062,NA
wiu,wpc,14,3,5,118,8,115,2.1,1.668,NA
NA,wpc,NA,3,6,NA,NA,116,2.2000000000000002,NA,NA
wiu,wpc,14,3,7,120,10,117,2,1.685,NA
wiu,wpc,14,3,8,113,3,118,2.1,1.903,NA
wiu,wpc,14,3,9,119,9,119,2.1,1.846,NA
wiu,wpc,14,3,10,111,1,120,2,1.548,NA
NA,pcro,NA,3,1,NA,NA,121,2.2000000000000002,NA,NA
wiu,pcro,18,3,2,141,1,122,2.1,1.568,NA
wiu,pcro,18,3,3,149,9,123,2,2.44,NA
wiu,pcro,18,3,4,146,6,124,2.1,1.709,NA
wiu,pcro,18,3,5,145,5,125,2.2999999999999998,2.609,NA
wiu,pcro,18,3,6,148,8,126,2.1,2.014,NA
wiu,pcro,18,3,7,142,2,127,2.2000000000000002,2.08,NA
wiu,pcro,18,3,8,147,7,128,2.1,2.057,NA
wiu,pcro,18,3,9,143,3,129,2.2000000000000002,1.904,NA
wiu,pcro,18,3,10,144,4,130,2.1,2.289,NA
wiu,ar,15,3,1,130,10,131,2.1,1.994,NA
NA,ar,NA,3,2,NA,NA,132,2.1,NA,NA
wiu,ar,15,3,3,126,6,133,2.1,1.593,NA
wiu,ar,15,3,4,128,8,134,2.2000000000000002,1.598,NA
wiu,ar,15,3,5,125,5,135,2.1,2.074,NA
wiu,ar,15,3,6,121,1,136,2,2.144,NA
wiu,ar,15,3,7,122,2,137,2.1,1.927,NA
wiu,ar,15,3,8,124,4,138,2.2000000000000002,1.927,NA
wiu,ar,15,3,9,127,7,139,2.1,1.573,NA
wiu,ar,15,3,10,129,9,140,2.1,1.798,NA
wiu,cr,16,3,1,131,1,141,2.1,1.22,NA
wiu,cr,16,3,2,136,6,142,2.1,2.015,NA
wiu,cr,16,3,3,132,2,143,2.2999999999999998,1.261,NA
wiu,cr,16,3,4,134,4,144,2.2000000000000002,1.348,NA
wiu,cr,16,3,5,135,5,145,2.1,1.352,NA
wiu,cr,16,3,6,140,10,146,2,1.279,NA
NA,cr,NA,3,7,NA,NA,147,2.2000000000000002,NA,NA
wiu,cr,16,3,8,133,3,148,2.2000000000000002,1.538,NA
wiu,cr,16,3,9,137,7,149,2.2999999999999998,2.276,NA
wiu,cr,16,3,10,139,9,150,2.2000000000000002,1.831,NA
wiu,wpc,20,4,1,159,9,151,2.1,1.684,NA
wiu,wpc,20,4,2,151,1,152,2.2000000000000002,2.152,NA
wiu,wpc,20,4,3,152,2,153,2.1,1.78,NA
NA,wpc,NA,4,4,NA,NA,154,2.2000000000000002,NA,NA
wiu,wpc,20,4,5,158,8,155,2.2000000000000002,1.529,NA
wiu,wpc,20,4,6,160,10,156,2.1,1.712,NA
wiu,wpc,20,4,7,157,7,157,2.2999999999999998,1.585,NA
wiu,wpc,20,4,8,156,6,158,2,1.874,NA
wiu,wpc,20,4,9,154,4,159,2.2000000000000002,1.422,NA
wiu,wpc,20,4,10,155,5,160,2.2000000000000002,1.971,NA
NA,ar,NA,4,1,NA,NA,161,2.2000000000000002,NA,NA
wiu,ar,21,4,2,162,2,162,2.2000000000000002,1.92,NA
wiu,ar,21,4,3,169,9,163,2.2000000000000002,1.983,NA
wiu,ar,21,4,4,164,4,164,2.1,1.918,NA
wiu,ar,21,4,4,168,8,164,2.1,1.613,NA
NA,ar,NA,4,5,NA,NA,165,2.1,NA,NA
wiu,ar,21,4,6,165,5,166,2.1,1.919,NA
wiu,ar,21,4,7,166,6,167,2.2000000000000002,2.064,NA
wiu,ar,21,4,8,167,7,168,2.2999999999999998,2.118,NA
NA,ar,NA,4,9,NA,NA,169,2.2000000000000002,NA,NA
NA,ar,NA,4,10,NA,NA,170,2.1,NA,NA
wiu,pcro,24,4,1,193,3,171,2,1.542,NA
wiu,pcro,24,4,2,196,6,172,2,1.463,NA
wiu,pcro,24,4,3,195,5,173,2,2.003,NA
NA,pcro,NA,4,4,NA,NA,174,2.1,NA,NA
NA,pcro,NA,4,5,NA,NA,175,2,NA,NA
wiu,pcro,24,4,6,197,7,176,2,1.793,NA
NA,pcro,NA,4,7,NA,NA,177,22,NA,NA
wiu,pcro,24,4,8,198,8,178,2.1,1.734,NA
wiu,pcro,24,4,9,192,2,179,x,1.43,forgot to measure probably 2
wiu,pcro,24,4,10,194,4,180,x,1.546,forgot to measure probably 2
wiu,cr,22,4,1,175,5,181,2,1.048,NA
wiu,cr,22,4,2,176,6,182,2.1,2.075,NA
wiu,cr,22,4,3,177,7,183,2,1.935,NA
wiu,cr,22,4,4,180,10,184,2.1,1.149,NA
wiu,cr,22,4,5,172,2,185,2.1,1.344,NA
wiu,cr,22,4,5,179,9,185,2.1,1.157,NA
NA,cr,NA,4,6,NA,NA,186,2,NA,NA
wiu,cr,22,4,7,174,4,187,2,1.484,NA
wiu,cr,22,4,8,178,8,188,2.1,1.179,NA
wiu,cr,22,4,9,171,1,189,2.1,1.798,NA
wiu,cr,22,4,10,173,3,190,2,1.166,NA
wiu,gpc,23,4,1,182,2,191,2,1.381,NA
NA,gpc,NA,4,2,NA,NA,192,2.2000000000000002,NA,NA
wiu,gpc,23,4,3,181,1,193,2,1.639,NA
wiu,gpc,23,4,4,190,10,194,2.2000000000000002,0.742,NA
wiu,gpc,23,4,5,186,6,195,2.1,2.065,NA
wiu,gpc,23,4,6,185,5,196,2.1,1.487,NA
wiu,gpc,23,4,7,184,4,197,2.2999999999999998,2.215,NA
wiu,gpc,23,4,8,187,7,198,2.2000000000000002,1.44,NA
wiu,gpc,23,4,9,183,3,199,2.1,1.423,NA
wiu,gpc,23,4,10,188,8,200,2,1.803,NA
NA,NA,NA,NA,1,NA,NA,201,2.1,NA,NA
NA,NA,NA,NA,2,NA,NA,202,2.1,NA,NA
NA,NA,NA,NA,3,NA,NA,203,2.2000000000000002,NA,NA
NA,NA,NA,NA,4,NA,NA,204,2.1,NA,NA
NA,NA,NA,NA,5,NA,NA,205,2.1,NA,NA
NA,NA,NA,NA,6,NA,NA,206,2.1,NA,NA
NA,NA,NA,NA,7,NA,NA,207,2.1,NA,NA
NA,NA,NA,NA,8,NA,NA,208,2.2000000000000002,NA,NA
NA,NA,NA,NA,9,NA,NA,209,2.1,NA,NA
NA,NA,NA,NA,10,NA,NA,210,2.1,NA,NA
NA,NA,NA,NA,1,NA,NA,211,2.1,NA,NA
NA,NA,NA,NA,2,NA,NA,212,2.1,NA,NA
NA,NA,NA,NA,3,NA,NA,213,2.1,NA,NA
NA,NA,NA,NA,4,NA,NA,214,2.1,NA,NA
NA,NA,NA,NA,5,NA,NA,215,2.1,NA,NA
NA,NA,NA,NA,6,NA,NA,216,2.2000000000000002,NA,NA
NA,NA,NA,NA,7,NA,NA,217,2.1,NA,NA
NA,NA,NA,NA,8,NA,NA,218,2.1,NA,NA
NA,NA,NA,NA,9,NA,NA,219,2.1,NA,NA
NA,NA,NA,NA,10,NA,NA,220,2.1,NA,NA
NA,NA,NA,NA,1,NA,NA,221,2.1,NA,NA
NA,NA,NA,NA,2,NA,NA,222,2.1,NA,NA
NA,NA,NA,NA,3,NA,NA,223,2.2999999999999998,NA,NA
NA,NA,NA,NA,4,NA,NA,224,2.1,NA,NA
NA,NA,NA,NA,5,NA,NA,225,2.1,NA,NA
NA,NA,NA,NA,6,NA,NA,226,2.2000000000000002,NA,NA
NA,NA,NA,NA,7,NA,NA,227,2.1,NA,NA
NA,NA,NA,NA,8,NA,NA,228,2.1,NA,NA
NA,NA,NA,NA,9,NA,NA,229,2,NA,NA
NA,NA,NA,NA,10,NA,NA,230,2.1,NA,NA
NA,NA,NA,NA,1,NA,NA,231,2.1,NA,NA
NA,NA,NA,NA,2,NA,NA,232,2.1,NA,NA
NA,NA,NA,NA,3,NA,NA,233,2.1,NA,NA
NA,NA,NA,NA,4,NA,NA,234,2,NA,NA
NA,NA,NA,NA,5,NA,NA,235,2,NA,NA
NA,NA,NA,NA,6,NA,NA,236,2.1,NA,NA
NA,NA,NA,NA,7,NA,NA,237,2.2000000000000002,NA,NA
NA,NA,NA,NA,8,NA,NA,238,2.1,NA,NA
NA,NA,NA,NA,9,NA,NA,239,2,NA,NA
NA,NA,NA,NA,10,NA,NA,240,2.1,NA,NA
NA,NA,NA,NA,NA,NA,NA,241,2.2000000000000002,NA,NA
NA,NA,NA,NA,NA,NA,NA,242,2.1,NA,NA
NA,NA,NA,NA,NA,NA,NA,243,2,NA,NA
NA,NA,NA,NA,NA,NA,NA,244,2.1,NA,NA
NA,NA,NA,NA,NA,NA,NA,245,2,NA,NA
NA,NA,NA,NA,NA,NA,NA,246,2.1,NA,NA
NA,NA,NA,NA,NA,NA,NA,247,2.1,NA,NA
NA,NA,NA,NA,NA,NA,NA,248,2.2000000000000002,NA,NA
NA,NA,NA,NA,NA,NA,NA,249,2.1,NA,NA
NA,NA,NA,NA,NA,NA,NA,250,2,NA,NA
NA,NA,NA,NA,NA,NA,NA,251,2.2000000000000002,NA,NA
NA,NA,NA,NA,NA,NA,NA,252,2.5,NA,NA
NA,NA,NA,NA,NA,NA,NA,253,2.1,NA,NA
NA,NA,NA,NA,NA,NA,NA,254,2.1,NA,NA
NA,NA,NA,NA,NA,NA,NA,255,2,NA,NA
NA,NA,NA,NA,NA,NA,NA,256,2.2999999999999998,NA,NA
NA,NA,NA,NA,NA,NA,NA,257,2.1,NA,NA
NA,NA,NA,NA,NA,NA,NA,258,2.2000000000000002,NA,NA
NA,NA,NA,NA,NA,NA,NA,259,2.1,NA,NA
NA,NA,NA,NA,NA,NA,NA,260,2.2999999999999998,NA,NA
NA,NA,NA,NA,NA,NA,NA,261,2.2000000000000002,NA,NA
NA,NA,NA,NA,NA,NA,NA,262,2.2999999999999998,NA,NA
NA,NA,NA,NA,NA,NA,NA,263,2.2000000000000002,NA,NA
NA,NA,NA,NA,NA,NA,NA,264,2,NA,NA
NA,NA,NA,NA,NA,NA,NA,265,2.1,NA,NA
NA,NA,NA,NA,NA,NA,NA,266,2,NA,NA
NA,NA,NA,NA,NA,NA,NA,267,2.1,NA,NA
NA,NA,NA,NA,NA,NA,NA,268,2.4,NA,NA
NA,NA,NA,NA,NA,NA,NA,269,2.2000000000000002,NA,NA
NA,NA,NA,NA,NA,NA,NA,270,2.1,NA,NA
NA,NA,NA,NA,NA,NA,NA,271,2.2000000000000002,NA,NA
NA,NA,NA,NA,NA,NA,NA,272,2,NA,NA
NA,NA,NA,NA,NA,NA,NA,273,2.2000000000000002,NA,NA
NA,NA,NA,NA,NA,NA,NA,274,2.1,NA,NA
NA,NA,NA,NA,NA,NA,NA,275,2.2999999999999998,NA,NA
NA,NA,NA,NA,NA,NA,NA,276,2.1,NA,NA
NA,NA,NA,NA,NA,NA,NA,277,2.5,NA,NA
NA,NA,NA,NA,NA,NA,NA,278,2.2999999999999998,NA,NA
NA,NA,NA,NA,NA,NA,NA,279,2.2000000000000002,NA,NA
NA,NA,NA,NA,NA,NA,NA,280,2.1,NA,NA
NA,NA,NA,NA,NA,NA,NA,281,2.2000000000000002,NA,NA
NA,NA,NA,NA,NA,NA,NA,282,2.2999999999999998,NA,NA
NA,NA,NA,NA,NA,NA,NA,283,2.1,NA,NA
NA,NA,NA,NA,NA,NA,NA,284,2.2999999999999998,NA,284
NA,NA,NA,NA,NA,NA,NA,285,2.1,NA,NA
NA,NA,NA,NA,NA,NA,NA,286,2.2000000000000002,NA,NA
NA,NA,NA,NA,NA,NA,NA,287,2.1,NA,NA
NA,NA,NA,NA,NA,NA,NA,288,2.1,NA,NA
NA,NA,NA,NA,NA,NA,NA,289,2.4,NA,NA
NA,NA,NA,NA,NA,NA,NA,290,2.1,NA,NA
NA,NA,NA,NA,NA,NA,NA,291,2.2999999999999998,NA,NA
NA,NA,NA,NA,NA,NA,NA,292,2.1,NA,NA
NA,NA,NA,NA,NA,NA,NA,293,2.1,NA,2.048
NA,NA,NA,NA,NA,NA,NA,294,2.4,NA,NA
NA,NA,NA,NA,NA,NA,NA,295,2.2999999999999998,NA,NA
NA,NA,NA,NA,NA,NA,NA,296,2.1,NA,NA
NA,NA,NA,NA,NA,NA,NA,297,2.1,NA,NA
NA,NA,NA,NA,NA,NA,NA,298,2,NA,NA
NA,NA,NA,NA,NA,NA,NA,299,2.2000000000000002,NA,NA
NA,NA,NA,NA,NA,NA,NA,300,2.2999999999999998,NA,NA
NA,NA,NA,NA,NA,NA,NA,301,2.1,NA,NA
NA,NA,NA,NA,NA,NA,NA,302,2.1,NA,NA
NA,NA,NA,NA,NA,NA,NA,303,2.1,NA,NA
NA,NA,NA,NA,NA,NA,NA,304,2,NA,NA
NA,NA,NA,NA,NA,NA,NA,305,2.2999999999999998,NA,NA
NA,NA,NA,NA,NA,NA,NA,306,2,NA,NA
NA,NA,NA,NA,NA,NA,NA,307,2.1,NA,NA
NA,NA,NA,NA,NA,NA,NA,308,2.2000000000000002,NA,NA
NA,NA,NA,NA,NA,NA,NA,309,2,NA,NA
NA,NA,NA,NA,NA,NA,NA,310,2.1,NA,NA
NA,NA,NA,NA,NA,NA,NA,311,2,NA,NA
NA,NA,NA,NA,NA,NA,NA,312,2.1,NA,NA
NA,NA,NA,NA,NA,NA,NA,313,2.1,NA,NA
NA,NA,NA,NA,NA,NA,NA,314,2.1,NA,NA
NA,NA,NA,NA,NA,NA,NA,315,2.1,NA,NA
NA,NA,NA,NA,NA,NA,NA,316,2.2000000000000002,NA,NA
NA,NA,NA,NA,NA,NA,NA,317,2.1,NA,NA
NA,NA,NA,NA,NA,NA,NA,318,2.2000000000000002,NA,NA
NA,NA,NA,NA,NA,NA,NA,319,2.1,NA,NA
NA,NA,NA,NA,NA,NA,NA,320,2.1,NA,NA
NA,NA,NA,NA,NA,NA,NA,321,2.2999999999999998,NA,NA
NA,NA,NA,NA,NA,NA,NA,322,2.1,NA,NA
NA,NA,NA,NA,NA,NA,NA,323,2.2999999999999998,NA,NA
NA,NA,NA,NA,NA,NA,NA,324,2,NA,NA
NA,NA,NA,NA,NA,NA,NA,325,2.2000000000000002,NA,NA
NA,NA,NA,NA,NA,NA,NA,326,2.1,NA,NA
NA,NA,NA,NA,NA,NA,NA,327,2.1,NA,NA
NA,NA,NA,NA,NA,NA,NA,328,2.1,NA,NA
NA,NA,NA,NA,NA,NA,NA,329,2.2999999999999998,NA,NA
NA,NA,NA,NA,NA,NA,NA,330,2.1,NA,NA
NA,NA,NA,NA,NA,NA,NA,331,2.1,NA,NA
NA,NA,NA,NA,NA,NA,NA,332,2.2000000000000002,NA,NA
NA,NA,NA,NA,NA,NA,NA,333,2.1,NA,NA
NA,NA,NA,NA,NA,NA,NA,334,2,NA,NA
NA,NA,NA,NA,NA,NA,NA,335,2.2000000000000002,NA,NA
NA,NA,NA,NA,NA,NA,NA,336,2,NA,NA
NA,NA,NA,NA,NA,NA,NA,337,2.2000000000000002,NA,NA
NA,NA,NA,NA,NA,NA,NA,338,2.1,NA,NA
NA,NA,NA,NA,NA,NA,NA,339,2.2000000000000002,NA,NA
NA,NA,NA,NA,NA,NA,NA,340,2,NA,NA
NA,NA,NA,NA,NA,NA,NA,341,2.2000000000000002,NA,NA
NA,NA,NA,NA,NA,NA,NA,342,2.1,NA,NA
NA,NA,NA,NA,NA,NA,NA,343,2.2000000000000002,NA,NA
NA,NA,NA,NA,NA,NA,NA,344,2,NA,NA
NA,NA,NA,NA,NA,NA,NA,345,2.1,NA,NA
NA,NA,NA,NA,NA,NA,NA,346,2.1,NA,NA
NA,NA,NA,NA,NA,NA,NA,347,2.1,NA,NA
NA,NA,NA,NA,NA,NA,NA,348,2,NA,NA
NA,NA,NA,NA,NA,NA,NA,349,2.1,NA,NA
NA,NA,NA,NA,NA,NA,NA,350,2,NA,NA
NA,NA,NA,NA,NA,NA,NA,351,2,NA,NA
NA,NA,NA,NA,NA,NA,NA,352,2.2999999999999998,NA,NA
NA,NA,NA,NA,NA,NA,NA,353,2.2999999999999998,NA,NA
NA,NA,NA,NA,NA,NA,NA,354,2,NA,NA
NA,NA,NA,NA,NA,NA,NA,355,2.2999999999999998,NA,NA
NA,NA,NA,NA,NA,NA,NA,356,2.2999999999999998,NA,NA
NA,NA,NA,NA,NA,NA,NA,357,2.1,NA,NA
NA,NA,NA,NA,NA,NA,NA,358,2.1,NA,NA
NA,NA,NA,NA,NA,NA,NA,359,2,NA,NA
NA,NA,NA,NA,NA,NA,NA,360,2.2999999999999998,NA,NA
NA,NA,NA,NA,NA,NA,NA,361,2.1,NA,NA
NA,NA,NA,NA,NA,NA,NA,362,2.2000000000000002,NA,NA
NA,NA,NA,NA,NA,NA,NA,363,2,NA,NA
NA,NA,NA,NA,NA,NA,NA,364,2,NA,NA
NA,NA,NA,NA,NA,NA,NA,365,2.1,NA,NA
NA,NA,NA,NA,NA,NA,NA,366,2.1,NA,NA
NA,NA,NA,NA,NA,NA,NA,367,2.2000000000000002,NA,NA
NA,NA,NA,NA,NA,NA,NA,368,2,NA,NA
NA,NA,NA,NA,NA,NA,NA,369,2.1,NA,NA
NA,NA,NA,NA,NA,NA,NA,370,2.1,NA,NA
NA,NA,NA,NA,NA,NA,NA,371,2.1,NA,NA
NA,NA,NA,NA,NA,NA,NA,372,2.1,NA,NA
NA,NA,NA,NA,NA,NA,NA,373,2.2999999999999998,NA,NA
NA,NA,NA,NA,NA,NA,NA,374,2.1,NA,NA
NA,NA,NA,NA,NA,NA,NA,375,2.2000000000000002,NA,NA
NA,NA,NA,NA,NA,NA,NA,376,2.1,NA,NA
NA,NA,NA,NA,NA,NA,NA,377,2,NA,NA
NA,NA,NA,NA,NA,NA,NA,378,2.2000000000000002,NA,NA
NA,NA,NA,NA,NA,NA,NA,379,2.1,NA,NA
NA,NA,NA,NA,NA,NA,NA,380,2.2000000000000002,NA,NA
NA,NA,NA,NA,NA,NA,NA,381,2,NA,NA
NA,NA,NA,NA,NA,NA,NA,382,2.2999999999999998,NA,NA
NA,NA,NA,NA,NA,NA,NA,383,2.1,NA,NA
NA,NA,NA,NA,NA,NA,NA,384,2.4,NA,NA
NA,NA,NA,NA,NA,NA,NA,385,2.4,NA,NA
NA,NA,NA,NA,NA,NA,NA,386,2,NA,NA
NA,NA,NA,NA,NA,NA,NA,387,2,NA,NA
NA,NA,NA,NA,NA,NA,NA,388,2.2999999999999998,NA,NA
NA,NA,NA,NA,NA,NA,NA,389,2.1,NA,NA
NA,NA,NA,NA,NA,NA,NA,390,2.2000000000000002,NA,NA
NA,NA,NA,NA,NA,NA,NA,391,2.2000000000000002,NA,NA
NA,NA,NA,NA,NA,NA,NA,392,2,NA,NA
NA,NA,NA,NA,NA,NA,NA,393,2.2000000000000002,NA,NA
NA,NA,NA,NA,NA,NA,NA,394,2.2000000000000002,NA,NA
NA,NA,NA,NA,NA,NA,NA,395,2.1,NA,NA
NA,NA,NA,NA,NA,NA,NA,396,2.1,NA,NA
NA,NA,NA,NA,NA,NA,NA,397,1.9,NA,NA
NA,NA,NA,NA,NA,NA,NA,398,2.2000000000000002,NA,NA
NA,NA,NA,NA,NA,NA,NA,399,2.1,NA,NA
NA,NA,NA,NA,NA,NA,NA,400,2.2000000000000002,NA,NA
wiu,wpc,3,1,NA,11,1,NA,NA,NA,NA
wiu,wpc,3,1,NA,13,3,NA,NA,NA,NA
wiu,cr,5,1,NA,38,8,NA,NA,NA,NA
wiu,ar,6,1,NA,42,2,81,NA,1.338,NA
wiu,ar,6,1,NA,45,5,2.017,NA,NA,NA
wiu,ar,6,1,NA,46,6,NA,NA,NA,NA
wiu,ar,6,1,NA,50,10,51,NA,1.513,NA
wiu,wpc,7,2,NA,52,2,22,NA,1.856,NA
wiu,wpc,7,2,NA,54,4,68,NA,1.961,NA
wiu,wpc,7,2,NA,59,9,NA,NA,NA,NA
wiu,wpc,7,2,NA,60,10,NA,NA,NA,NA
wiu,cr,8,2,NA,62,2,NA,NA,NA,NA
wiu,cr,8,2,NA,64,4,29,NA,1.971,NA
wiu,cr,8,2,NA,68,8,89,NA,1.834,NA
wiu,cr,8,2,NA,70,10,59,NA,1.149,NA
wiu,pcro,9,2,NA,73,3,31,NA,1.7,NA
wiu,pcro,9,2,NA,75,5,69,NA,1.979,NA
wiu,gpc,10,2,NA,81,1,85,NA,2.726,NA
wiu,gpc,10,2,NA,85,5,25,NA,NA,NA
wiu,ar,12,2,NA,94,4,NA,NA,NA,NA
wiu,ar,12,2,NA,97,7,74,NA,2.137,NA
wiu,ar,12,2,NA,100,10,75,NA,1.563,NA
wiu,gpc,13,3,NA,106,6,116,NA,1.763,NA
wiu,wpc,14,3,NA,114,4,NA,NA,NA,NA
wiu,ar,15,3,NA,123,3,NA,NA,NA,NA
wiu,cr,16,3,NA,138,8,66,NA,1.586,NA
wiu,pcro,18,3,NA,150,10,NA,NA,NA,NA
wiu,wpc,20,4,NA,153,3,NA,NA,NA,NA
wiu,ar,21,4,NA,161,1,105,NA,1.61,NA
wiu,ar,21,4,NA,163,3,198,NA,1.985,NA
wiu,ar,21,4,NA,170,10,NA,NA,NA,NA
wiu,gpc,23,4,NA,189,9,NA,NA,NA,NA
wiu,pcro,24,4,NA,191,1,135,NA,1.99,NA
wiu,pcro,24,4,NA,199,9,161,NA,1.396,NA
wiu,pcro,24,4,NA,200,10,61,NA,2.067,NA
isu,ar,106,1,NA,201,1,112,NA,1.217,NA
isu,ar,106,1,NA,202,2,204,NA,1.576,NA
isu,ar,106,1,NA,203,3,207,NA,2.104,NA
isu,ar,106,1,NA,204,4,1.162,NA,NA,NA
isu,ar,106,1,NA,205,5,NA,NA,NA,NA
isu,ar,106,1,NA,206,6,NA,NA,NA,NA
isu,ar,106,1,NA,207,7,202,NA,2.009,NA
isu,ar,106,1,NA,208,8,206,NA,1.209,NA
isu,ar,106,1,NA,209,9,210,NA,1.38,NA
isu,ar,106,1,NA,210,10,203,NA,2.008,NA
isu,gpc,105,1,NA,211,1,220,NA,1.994,NA
isu,gpc,105,1,NA,212,2,215,NA,1.16,NA
isu,gpc,105,1,NA,213,3,214,NA,1.442,NA
isu,gpc,105,1,NA,214,4,218,NA,1.626,NA
isu,gpc,105,1,NA,215,5,213,NA,2.042,NA
isu,gpc,105,1,NA,216,6,212,NA,1.91,NA
isu,gpc,105,1,NA,217,7,216,NA,1.206,NA
isu,gpc,105,1,NA,218,8,217,NA,1.498,NA
isu,gpc,105,1,NA,219,9,209,NA,1.238,NA
isu,gpc,105,1,NA,220,10,219,NA,1.571,NA
isu,wpc,104,1,NA,221,1,226,NA,2.037,NA
isu,wpc,104,1,NA,222,2,225,NA,1.571,NA
isu,wpc,104,1,NA,223,3,1.465,NA,NA,NA
isu,wpc,104,1,NA,224,4,229,NA,1.976,NA
isu,wpc,104,1,NA,225,5,221,NA,1.781,NA
isu,wpc,104,1,NA,226,6,NA,NA,NA,NA
isu,wpc,104,1,NA,227,7,228,NA,1.718,NA
isu,wpc,104,1,NA,228,8,223,NA,2.197,NA
isu,wpc,104,1,NA,229,9,230,NA,1.383,NA
isu,wpc,104,1,NA,230,10,229,NA,1.337,NA
isu,cr,103,1,NA,231,1,236,NA,2.023,NA
isu,cr,103,1,NA,232,2,232,NA,1.249,NA
isu,cr,103,1,NA,233,3,238,NA,1.53,NA
isu,cr,103,1,NA,234,4,237,NA,1.727,NA
isu,cr,103,1,NA,235,5,239,NA,1.162,NA
isu,cr,103,1,NA,236,6,240,NA,1.258,NA
isu,cr,103,1,NA,237,7,239,NA,1.996,NA
isu,cr,103,1,NA,238,8,233,NA,1.248,NA
isu,cr,103,1,NA,239,9,235,NA,1.074,NA
isu,cr,103,1,NA,240,10,231,NA,1.965,NA
isu,pcro,102,1,NA,241,1,NA,NA,NA,NA
isu,pcro,102,1,NA,242,2,296,NA,1.214,NA
isu,pcro,102,1,NA,243,3,248,NA,1.481,NA
isu,pcro,102,1,NA,244,4,244,NA,2.016,NA
isu,pcro,102,1,NA,245,5,249,NA,2.086,NA
isu,pcro,102,1,NA,246,6,247,NA,1.709,NA
isu,pcro,102,1,NA,247,7,245,NA,1.292,NA
isu,pcro,102,1,NA,248,8,242,NA,1.897,NA
isu,pcro,102,1,NA,249,9,293,NA,1.983,NA
isu,pcro,102,1,NA,250,10,NA,NA,NA,NA
isu,wpc,201,2,NA,251,1,251,NA,1.678,NA
isu,wpc,201,2,NA,252,2,253,NA,1.795,NA
isu,wpc,201,2,NA,253,3,250,NA,2.228,NA
isu,wpc,201,2,NA,254,4,NA,NA,1.747,NA
isu,wpc,201,2,NA,255,5,260,NA,2.179,NA
isu,wpc,201,2,NA,256,6,12,NA,2.014,NA
isu,wpc,201,2,NA,257,7,NA,NA,1.983,NA
isu,wpc,201,2,NA,258,8,251,NA,1.903,NA
isu,wpc,201,2,NA,259,9,252,NA,2.399,NA
isu,wpc,201,2,NA,260,10,267,NA,1.637,NA
isu,cr,203,2,NA,261,1,267,NA,2.028,NA
isu,cr,203,2,NA,262,2,261,NA,1.285,NA
isu,cr,203,2,NA,263,3,224,NA,1.941,NA
isu,cr,203,2,NA,264,4,NA,NA,1.345,NA
isu,cr,203,2,NA,265,5,263,NA,1.463,NA
isu,cr,203,2,NA,266,6,NA,NA,1.049,NA
isu,cr,203,2,NA,267,7,NA,NA,NA,NA
isu,cr,203,2,NA,268,8,1,NA,1.27,NA
isu,cr,203,2,NA,269,9,208,NA,1.814,NA
isu,cr,203,2,NA,270,10,265,NA,2.008,NA
isu,pcro,204,2,NA,271,1,NA,NA,NA,NA
isu,pcro,204,2,NA,272,2,280,NA,1.669,NA
isu,pcro,204,2,NA,273,3,272,NA,1.732,NA
isu,pcro,204,2,NA,274,4,271,NA,2.182,NA
isu,pcro,204,2,NA,275,5,276,NA,1.388,NA
isu,pcro,204,2,NA,276,6,219,NA,1.571,NA
isu,pcro,204,2,NA,277,7,275,NA,1.627,NA
isu,pcro,204,2,NA,278,8,277,NA,2.276,NA
isu,pcro,204,2,NA,279,9,273,NA,1.461,NA
isu,pcro,204,2,NA,280,10,278,NA,1.475,NA
isu,ar,205,2,NA,281,1,NA,NA,NA,NA
isu,ar,205,2,NA,282,2,288,NA,1.65,NA
isu,ar,205,2,NA,283,3,NA,NA,NA,NA
isu,ar,205,2,NA,284,4,289,NA,2.317,NA
isu,ar,205,2,NA,285,5,210,NA,1.95,NA
isu,ar,205,2,NA,286,6,282,NA,2.222,NA
isu,ar,205,2,NA,287,7,NA,NA,NA,NA
isu,ar,205,2,NA,288,8,283,NA,1.428,NA
isu,ar,205,2,NA,289,9,287,NA,1.398,NA
isu,ar,205,2,NA,290,10,NA,NA,NA,NA
isu,gpc,206,2,NA,291,1,298,NA,1.498,NA
isu,gpc,206,2,NA,292,2,NA,NA,NA,NA
isu,gpc,206,2,NA,293,3,300,NA,2.078,NA
isu,gpc,206,2,NA,294,4,NA,NA,NA,NA
isu,gpc,206,2,NA,295,5,202,NA,1.746,NA
isu,gpc,206,2,NA,296,6,271,NA,1.758,NA
isu,gpc,206,2,NA,297,7,NA,NA,NA,NA
isu,gpc,206,2,NA,298,8,291,NA,1.632,NA
isu,gpc,206,2,NA,299,9,296,NA,1.966,NA
isu,gpc,206,2,NA,300,10,251,NA,1.626,NA
isu,gpc,306,3,NA,301,1,310,NA,1.589,NA
isu,gpc,306,3,NA,302,2,301,NA,1.253,NA
isu,gpc,306,3,NA,303,3,302,NA,1.231,NA
isu,gpc,306,3,NA,304,4,309,NA,1.252,NA
isu,gpc,306,3,NA,306,6,301,NA,1.498,NA
isu,gpc,306,3,NA,307,7,303,NA,1.68,NA
isu,gpc,306,3,NA,308,8,305,NA,1.314,NA
isu,gpc,306,3,NA,309,9,306,NA,1.873,NA
isu,gpc,306,3,NA,310,10,308,NA,1.917,NA
isu,ar,305,3,NA,311,1,318,NA,1.154,NA
isu,ar,305,3,NA,312,2,312,NA,1.475,NA
isu,ar,305,3,NA,313,3,NA,NA,NA,NA
isu,ar,305,3,NA,314,4,311,NA,1.87,NA
isu,ar,305,3,NA,315,5,217,NA,1.274,NA
isu,ar,305,3,NA,316,6,319,NA,2.049,NA
isu,ar,305,3,NA,317,7,2.085,NA,NA,NA
isu,ar,305,3,NA,318,8,314,NA,1.18,NA
isu,ar,305,3,NA,319,9,320,NA,1.62,NA
isu,ar,305,3,NA,320,10,316,NA,1.419,NA
isu,pcro,304,3,NA,321,1,329,NA,1.497,NA
isu,pcro,304,3,NA,322,2,324,NA,1.506,NA
isu,pcro,304,3,NA,323,3,322,NA,2.023,NA
isu,pcro,304,3,NA,324,4,325,NA,2.141,NA
isu,pcro,304,3,NA,325,5,328,NA,1.489,NA
isu,pcro,304,3,NA,326,6,327,NA,1.214,NA
isu,pcro,304,3,NA,327,7,328,NA,1.985,NA
isu,pcro,304,3,NA,328,8,323,NA,1.619,NA
isu,pcro,304,3,NA,329,9,321,NA,1.388,NA
isu,pcro,304,3,NA,330,10,330,NA,1.463,NA
isu,wpc,303,3,NA,331,1,333,NA,1.995,NA
isu,wpc,303,3,NA,332,2,335,NA,1.696,NA
isu,wpc,303,3,NA,333,3,334,NA,1.63,NA
isu,wpc,303,3,NA,334,4,338,NA,1.975,NA
isu,wpc,303,3,NA,335,5,337,NA,2.107,NA
isu,wpc,303,3,NA,336,6,331,NA,1.743,NA
isu,wpc,303,3,NA,337,7,339,NA,1.568,NA
isu,wpc,303,3,NA,338,8,340,NA,1.446,NA
isu,wpc,303,3,NA,339,9,336,NA,1.36,NA
isu,wpc,303,3,NA,340,10,232,NA,1.708,NA
isu,cr,301,3,NA,341,1,NA,NA,NA,NA
isu,cr,301,3,NA,342,2,347,NA,1.365,NA
isu,cr,301,3,NA,343,3,343,NA,1.338,NA
isu,cr,301,3,NA,344,4,348,NA,1.963,NA
isu,cr,301,3,NA,345,5,341,NA,1.195,NA
isu,cr,301,3,NA,346,6,NA,NA,NA,NA
isu,cr,301,3,NA,347,7,289,NA,1.605,NA
isu,cr,301,3,NA,348,8,345,NA,1.121,NA
isu,cr,301,3,NA,349,9,342,NA,2.028,NA
isu,cr,301,3,NA,350,10,349,NA,1.979,NA
isu,pcro,402,4,NA,351,1,258,NA,1.2,NA
isu,pcro,402,4,NA,352,2,253,NA,1.236,NA
isu,pcro,402,4,NA,353,3,237,NA,1.969,NA
isu,pcro,402,4,NA,354,4,254,NA,1.946,NA
isu,pcro,402,4,NA,355,5,260,NA,1.933,NA
isu,pcro,402,4,NA,356,6,152,NA,1.47,NA
isu,pcro,402,4,NA,357,7,255,NA,1.608,NA
isu,pcro,402,4,NA,358,8,256,NA,1.432,NA
isu,pcro,402,4,NA,359,9,259,NA,2.211,NA
isu,pcro,402,4,NA,360,10,252,NA,1.354,NA
isu,cr,403,4,NA,361,1,262,NA,1.213,NA
isu,cr,403,4,NA,362,2,270,NA,2.064,NA
isu,cr,403,4,NA,363,3,262,NA,1.128,NA
isu,cr,403,4,NA,364,4,263,NA,1.366,NA
isu,cr,403,4,NA,365,5,265,NA,2.003,NA
isu,cr,403,4,NA,366,6,268,NA,1.748,NA
isu,cr,403,4,NA,367,7,364,NA,1.907,NA
isu,cr,403,4,NA,368,8,302,NA,1.238,NA
isu,cr,403,4,NA,369,9,269,NA,1.109,NA
isu,cr,403,4,NA,370,10,261,NA,1.356,NA
isu,wpc,404,4,NA,371,1,280,NA,2.109,NA
isu,wpc,404,4,NA,372,2,277,NA,1.769,NA
isu,wpc,404,4,NA,373,3,276,NA,1.479,NA
isu,wpc,404,4,NA,374,4,274,NA,1.952,NA
isu,wpc,404,4,NA,375,5,272,NA,1.514,NA
isu,wpc,404,4,NA,376,6,278,NA,2.164,NA
isu,wpc,404,4,NA,377,7,273,NA,1.571,NA
isu,wpc,404,4,NA,378,8,271,NA,1.405,NA
isu,wpc,404,4,NA,379,9,275,NA,1.723,NA
isu,wpc,404,4,NA,380,10,287,NA,1.373,NA
isu,gpc,405,4,NA,381,1,281,NA,1.282,NA
isu,gpc,405,4,NA,382,2,285,NA,1.582,NA
isu,gpc,405,4,NA,383,3,286,NA,2.223,NA
isu,gpc,405,4,NA,384,4,284,NA,1.641,NA
isu,gpc,405,4,NA,385,5,NA,NA,NA,NA
isu,gpc,405,4,NA,386,6,282,NA,1.535,NA
isu,gpc,405,4,NA,387,7,287,NA,1.718,NA
isu,gpc,405,4,NA,388,8,286,NA,1.823,NA
isu,gpc,405,4,NA,389,9,283,NA,1.479,NA
isu,gpc,405,4,NA,390,10,290,NA,2.17,NA
isu,ar,406,4,NA,391,1,294,NA,2.099,NA
isu,ar,406,4,NA,392,2,299,NA,1.181,NA
isu,ar,406,4,NA,393,3,217,NA,1.802,NA
isu,ar,406,4,NA,394,4,NA,NA,NA,NA
isu,ar,406,4,NA,395,5,295,NA,1.318,NA
isu,ar,406,4,NA,396,6,271,NA,1.663,NA
isu,ar,406,4,NA,397,7,293,NA,1.75,NA
isu,ar,406,4,NA,398,8,292,NA,1.291,NA
isu,ar,406,4,NA,399,9,298,NA,1.416,NA
isu,ar,406,4,NA,400,10,300,NA,1.664,NA
